Region	Accipitridae_Count
CA	1e-05
NC	367.583333333333
NE	3.5
NW	2816.33333333333
SC	1e-05
SE	1e-05
SW	5271.26388888889
