Region	Anatidae_Count
CA	1e-05
NC	15641.4444444444
NE	84.125
NW	138251.638888889
SC	1e-05
SE	1e-05
SW	35140.1388888889
