Region	Laridae_Count
CA	1e-05
NC	1963.55555555556
NE	7
NW	39571.8444444444
SC	1e-05
SE	1e-05
SW	81795.6111111111
