Region	Products
CA	3521512.28571429
NC	506875.23155929
NE	57423.8683473389
NW	696815.101428571
SC	253492.371265855
SE	211328.592740254
SW	1040497.09047619
